{"cameraMode":{"drawMode":0,"name":"Shaded","section":"Shading Mode"},"sceneLighting":false,"audioPlay":false,"sceneViewState":{"showFog":true,"showMaterialUpdate":false,"showSkybox":false,"showFlares":true,"showImageEffects":true,"showParticleSystems":true},"in2DMode":false,"pivot":{"x":16.0,"y":33.4881591796875,"z":6.9105224609375},"rotation":{"x":0.34138473868370058,"y":-0.0008386546396650374,"z":0.00018690965953283012,"w":0.9401550889015198},"size":95.68363189697266,"orthographic":false}