{"cameraMode":{"drawMode":0,"name":"Shaded","section":"Shading Mode"},"sceneLighting":false,"audioPlay":false,"sceneViewState":{"showFog":true,"showMaterialUpdate":false,"showSkybox":false,"showFlares":true,"showImageEffects":true,"showParticleSystems":true},"in2DMode":false,"pivot":{"x":8.899999618530274,"y":16.26763153076172,"z":8.982104301452637},"rotation":{"x":0.29875144362449648,"y":-0.003184549044817686,"z":0.0016470493283122779,"w":0.9545828104019165},"size":33.25271987915039,"orthographic":false}