{"cameraMode":{"drawMode":0,"name":"Shaded","section":"Shading Mode"},"sceneLighting":false,"audioPlay":false,"sceneViewState":{"showFog":true,"showMaterialUpdate":false,"showSkybox":false,"showFlares":true,"showImageEffects":true,"showParticleSystems":true},"in2DMode":false,"pivot":{"x":-1.3932194709777833,"y":1.7684038877487183,"z":1.8173675537109376},"rotation":{"x":0.000522785761859268,"y":0.9569570422172546,"z":-0.29131126403808596,"w":0.004840246867388487},"size":1.837149739265442,"orthographic":false}