{"cameraMode":{"drawMode":0,"name":"Shaded","section":"Shading Mode"},"sceneLighting":false,"audioPlay":false,"sceneViewState":{"showFog":true,"showMaterialUpdate":false,"showSkybox":false,"showFlares":true,"showImageEffects":true,"showParticleSystems":true},"in2DMode":false,"pivot":{"x":6338.42626953125,"y":-4517.75830078125,"z":-4.827192306518555},"rotation":{"x":0.001973637379705906,"y":-0.9027548432350159,"z":-0.004048183560371399,"w":-0.43034064769744875},"size":7.407261848449707,"orthographic":false}