{"cameraMode":{"drawMode":0,"name":"Shaded","section":"Shading Mode"},"sceneLighting":false,"audioPlay":false,"sceneViewState":{"showFog":true,"showMaterialUpdate":false,"showSkybox":false,"showFlares":true,"showImageEffects":true,"showParticleSystems":true},"in2DMode":false,"pivot":{"x":569.01708984375,"y":112.02635192871094,"z":-155.57037353515626},"rotation":{"x":0.019503287971019746,"y":-0.01078472938388586,"z":0.0009813664946705104,"w":1.0003328323364258},"size":395.03985595703127,"orthographic":false}