{"cameraMode":{"drawMode":0,"name":"Shaded","section":"Shading Mode"},"sceneLighting":false,"audioPlay":false,"sceneViewState":{"showFog":true,"showMaterialUpdate":false,"showSkybox":false,"showFlares":true,"showImageEffects":true,"showParticleSystems":true},"in2DMode":false,"pivot":{"x":39.348201751708987,"y":0.7800261974334717,"z":13.636133193969727},"rotation":{"x":-0.08180379122495651,"y":-0.15497316420078278,"z":0.012395182624459267,"w":-0.9846933484077454},"size":13.62056827545166,"orthographic":false}