{"cameraMode":{"drawMode":0,"name":"Shaded","section":"Shading Mode"},"sceneLighting":false,"audioPlay":false,"sceneViewState":{"showFog":true,"showMaterialUpdate":false,"showSkybox":false,"showFlares":true,"showImageEffects":true,"showParticleSystems":true},"in2DMode":false,"pivot":{"x":16.085670471191408,"y":22.924537658691408,"z":-13.132830619812012},"rotation":{"x":0.00911130104213953,"y":-0.962518036365509,"z":0.2698439955711365,"w":0.034926023334264758},"size":37.34681701660156,"orthographic":false}