{"cameraMode":{"drawMode":0,"name":"Shaded","section":"Shading Mode"},"sceneLighting":false,"audioPlay":false,"sceneViewState":{"showFog":true,"showMaterialUpdate":false,"showSkybox":false,"showFlares":true,"showImageEffects":true,"showParticleSystems":true},"in2DMode":false,"pivot":{"x":6.035003662109375,"y":112.49717712402344,"z":-15.212512969970704},"rotation":{"x":-0.2177692949771881,"y":0.2080426812171936,"z":-0.04917303845286369,"w":-0.9529498815536499},"size":797.0731201171875,"orthographic":false}